Id,median_house_value
0,228487.01333333334
1,244105.33333333334
2,71584.16666666667
3,161268.5
4,49126.166666666664
5,213913.5
6,103282.16666666667
7,90281.0
8,135213.0
9,75778.33333333333
10,269268.85
11,217771.335
12,206943.00166666668
13,196062.33333333334
14,182200.66833333333
15,86176.5
16,97416.33333333333
17,158955.66666666666
18,219095.66666666666
19,453930.36833333335
20,325995.6766666667
21,217974.51833333334
22,49918.166666666664
23,421278.23
24,221865.66666666666
25,81369.16666666667
26,258459.33666666667
27,256945.0
28,74040.33333333333
29,94286.0
30,66008.66666666667
31,242005.835
32,191422.0
33,169821.16666666666
34,105404.33333333333
35,82967.00333333333
36,91318.16666666667
37,133555.0
38,359374.5283333333
39,158478.33333333334
40,135794.83333333334
41,162388.5
42,175071.33333333334
43,227575.5
44,198198.50333333333
45,177332.0
46,271892.50166666665
47,255167.505
48,105467.66666666667
49,107883.33333333333
50,278420.0
51,494907.75
52,205812.16666666666
53,328114.67
54,90345.66666666667
55,418010.0416666667
56,201371.85166666665
57,174528.5
58,378227.19
59,155852.83333333334
60,203116.33333333334
61,166016.16666666666
62,265818.835
63,280687.6716666667
64,215455.335
65,481804.255
66,141579.83333333334
67,94076.66666666667
68,78460.33333333333
69,143748.0
70,102138.67
71,211442.66666666666
72,108867.5
73,261420.17166666666
74,114433.0
75,219687.175
76,130956.66666666667
77,117656.83333333333
78,258368.67166666666
79,198891.66833333333
80,91024.5
81,109644.83333333333
82,168114.83333333334
83,109753.0
84,249323.84333333332
85,121328.0
86,135420.66666666666
87,265566.6666666667
88,125714.66666666667
89,113350.0
90,142444.16666666666
91,178269.33333333334
92,296236.8383333333
93,132988.0
94,296116.3383333333
95,371119.34
96,255812.33333333334
97,486164.935
98,173487.83333333334
99,267721.84
100,309573.6666666667
101,56399.5
102,280476.01
103,387114.18333333335
104,97840.5
105,199056.66666666666
106,183513.83333333334
107,114038.005
108,320237.5
109,57897.83
110,110455.00166666666
111,128906.33333333333
112,139509.5
113,117831.66666666667
114,69758.0
115,251699.175
116,135314.51333333334
117,221387.00333333333
118,100318.33333333333
119,315079.20666666667
120,332589.275
121,123900.5
122,253062.17333333334
123,187573.67166666666
124,132041.16666666666
125,427645.0916666667
126,73826.165
127,141037.0
128,66422.5
129,135594.0
130,115033.16666666667
131,467548.585
132,201572.0
133,308558.68
134,180160.5
135,164883.0
136,70145.5
137,138237.0
138,154633.67
139,143629.17
140,269607.94166666665
141,97712.83333333333
142,234998.51
143,300131.66833333333
144,145695.16666666666
145,165957.675
146,174154.33333333334
147,280919.25833333336
148,271508.5416666667
149,451378.6566666667
150,279091.3333333333
151,176269.0
152,138358.0
153,136087.5
154,217566.335
155,47725.0
156,183488.83333333334
157,334035.47
158,47005.666666666664
159,130051.83333333333
160,166310.16666666666
161,135117.33666666667
162,299081.175
163,67643.66666666667
164,216977.17166666666
165,181879.16666666666
166,355265.585
167,175955.0
168,120711.83333333333
169,55139.165
170,283101.71
171,252511.685
172,403592.68333333335
173,231484.50833333333
174,187558.33333333334
175,293723.065
176,128237.83333333333
177,321586.835
178,161088.33333333334
179,343224.17333333334
180,251799.67
181,370624.02
182,68177.0
183,219252.33333333334
184,194005.00833333333
185,211809.505
186,191949.16833333333
187,205244.0
188,240116.83333333334
189,159433.66666666666
190,151685.66666666666
191,122774.16666666667
192,188917.50166666668
193,165381.68166666667
194,130581.00166666666
195,92890.0
196,155556.66666666666
197,220267.51333333334
198,354833.83666666667
199,244339.83333333334
200,143736.0
201,184417.33333333334
202,278228.8383333333
203,185574.83333333334
204,453090.75333333336
205,200073.66666666666
206,305154.00666666665
207,83767.16666666667
208,105335.16666666667
209,430791.0
210,267173.00666666665
211,468813.075
212,107271.5
213,89899.16666666667
214,132453.33333333334
215,101895.66666666667
216,292151.06833333336
217,249511.84833333333
218,260566.16666666666
219,211490.83666666667
220,256354.0
221,290105.875
222,181477.16666666666
223,253166.5
224,392019.375
225,194870.66833333333
226,154438.33333333334
227,98791.5
228,404399.015
229,361693.5316666667
230,272240.00333333336
231,113640.33333333333
232,486014.48333333334
233,169276.0
234,103392.66666666667
235,299629.5233333333
236,246416.0
237,115379.49333333333
238,204782.0
239,113819.66666666667
240,237340.66833333333
241,472974.49166666664
242,467099.7266666667
243,152590.5
244,110666.66666666667
245,183946.0
246,302630.68166666664
247,336632.17333333334
248,121545.33333333333
249,111221.5
250,161404.16666666666
251,223695.0
252,81828.0
253,277882.66833333333
254,432676.93666666665
255,480962.315
256,223612.50166666668
257,65644.66666666667
258,156172.16666666666
259,296200.67
260,135832.83333333334
261,312233.515
262,135807.16666666666
263,87669.665
264,318599.54833333334
265,295347.5
266,213033.00166666668
267,254670.685
268,152723.66666666666
269,249061.00833333333
270,244325.50666666665
271,176030.33333333334
272,65815.0
273,279328.335
274,90333.83333333333
275,278614.66833333333
276,136790.0
277,186846.16666666666
278,160437.5
279,313790.8383333333
280,477780.335
281,415650.0416666667
282,186946.84
283,199333.68166666667
284,353098.37333333335
285,158946.00666666665
286,255447.515
287,137582.5
288,151643.66666666666
289,163803.66666666666
290,194362.5
291,180397.0
292,179400.16833333333
293,157003.83833333335
294,101198.5
295,149437.83333333334
296,125032.66666666667
297,99079.0
298,93263.16666666667
299,233458.16666666666
300,78357.66666666667
301,258358.66833333333
302,202302.83666666667
303,186904.335
304,203410.835
305,232587.69166666668
306,362438.69166666665
307,455042.3516666667
308,499685.99666666664
309,161703.66833333333
310,284013.0
311,461626.2316666667
312,355528.875
313,154104.66666666666
314,172631.335
315,326357.66833333333
316,273729.8516666667
317,250535.675
318,330752.1666666667
319,178838.70333333334
320,219763.83333333334
321,114141.5
322,235479.51
323,105347.33333333333
324,195495.17
325,380813.88
326,207476.0
327,209433.16833333333
328,274935.00166666665
329,212530.175
330,141431.83333333334
331,247637.33666666667
332,89842.5
333,219821.5
334,214694.67166666666
335,91211.16666666667
336,217263.83333333334
337,485645.005
338,219931.83333333334
339,87442.16666666667
340,228660.36166666666
341,274653.015
342,130564.66666666667
343,219250.66666666666
344,238278.21333333335
345,254410.5
346,300611.505
347,141148.33333333334
348,54754.166666666664
349,155942.83333333334
350,173490.67
351,212474.16666666666
352,409945.46
353,252481.19
354,138770.5
355,364206.67833333334
356,319320.7
357,418408.57666666666
358,139043.66666666666
359,188579.83333333334
360,65296.666666666664
361,157143.0
362,88845.66666666667
363,88446.83333333333
364,117294.16666666667
365,255006.34666666668
366,351062.86333333334
367,144897.16833333333
368,149636.83333333334
369,120000.835
370,230043.0
371,97840.33333333333
372,196330.66666666666
373,95817.33333333333
374,286049.1716666667
375,153528.0
376,213942.5
377,244457.17
378,100145.0
379,189296.16666666666
380,466273.98333333334
381,254784.67
382,217866.83333333334
383,101340.33333333333
384,93858.16666666667
385,154194.66833333333
386,102243.83333333333
387,171857.19833333333
388,210777.67166666666
389,219280.5
390,176708.16833333333
391,58227.0
392,279146.3383333333
393,407356.6666666667
394,110389.83333333333
395,116434.33333333333
396,182798.835
397,85107.33333333333
398,140869.83333333334
399,242150.67
400,407912.10833333334
401,157322.66666666666
402,296166.18166666664
403,105685.83333333333
404,188195.34
405,313388.7166666667
406,241152.34
407,234051.83333333334
408,325446.03
409,322973.50166666665
410,168022.66666666666
411,385006.04
412,79810.16666666667
413,245146.83333333334
414,87564.5
415,347470.865
416,374420.13166666665
417,73432.16666666667
418,328738.00333333336
419,181260.515
420,218570.83333333334
421,296494.67
422,157352.83333333334
423,165273.33333333334
424,309659.945
425,149384.5
426,276981.35833333334
427,158579.5
428,253606.33333333334
429,237099.83333333334
430,130168.0
431,68779.16666666667
432,197681.5
433,260624.0
434,203219.85
435,47577.833333333336
436,96277.33333333333
437,312976.3433333333
438,244645.16833333333
439,153617.0
440,263144.6716666667
441,206140.0
442,185704.00166666668
443,415423.89666666667
444,274083.6666666667
445,109776.33333333333
446,137355.0
447,276749.50833333336
448,103137.0
449,178402.66666666666
450,144817.83333333334
451,145383.66666666666
452,75455.0
453,176690.84833333333
454,207112.185
455,267960.1666666667
456,239277.33333333334
457,151397.16666666666
458,338429.175
459,103305.5
460,173628.16833333333
461,69523.50166666666
462,134760.5
463,252773.33333333334
464,490514.2
465,158887.5
466,103769.5
467,225345.33333333334
468,482075.14166666666
469,256642.83333333334
470,164626.66833333333
471,133814.16666666666
472,248006.66666666666
473,302677.3933333333
474,187754.835
475,161816.5
476,100427.0
477,428582.22833333333
478,260671.27333333335
479,195869.00333333333
480,73956.5
481,203524.335
482,291056.17833333334
483,185224.5
484,195872.68166666667
485,255417.00166666668
486,217498.40666666668
487,219290.5
488,463205.75333333336
489,127823.16666666667
490,172553.83333333334
491,201798.83333333334
492,133620.83333333334
493,126316.84666666666
494,87303.16666666667
495,178409.17
496,122643.33333333333
497,149727.83333333334
498,341268.86333333334
499,290161.50833333336
500,70055.16666666667
501,392352.38666666666
502,174370.16666666666
503,291887.69666666666
504,327305.335
505,71978.33333333333
506,170756.0
507,178006.5
508,249264.00666666665
509,467270.15
510,198000.84333333332
511,183410.83333333334
512,385685.4
513,111126.33333333333
514,165872.33333333334
515,171283.5
516,233772.33333333334
517,402652.55
518,340416.5183333333
519,143847.0
520,249541.38666666666
521,116976.235
522,248773.16833333333
523,175501.33333333334
524,309367.355
525,190332.33333333334
526,196650.335
527,386801.9716666667
528,121017.16666666667
529,222202.0
530,227099.835
531,224657.5
532,116179.835
533,109365.16666666667
534,171367.0
535,142017.66666666666
536,97705.66666666667
537,400818.81166666665
538,154958.83333333334
539,135607.16666666666
540,117703.66666666667
541,346627.845
542,81390.33333333333
543,255662.00166666668
544,215902.18
545,191919.66666666666
546,104220.16833333333
547,110721.50166666666
548,100934.33333333333
549,187272.0
550,167735.335
551,117181.66666666667
552,223288.00166666668
553,149102.5
554,102864.0
555,184673.335
556,105389.16666666667
557,305628.005
558,151945.0
559,153560.0
560,137276.83333333334
561,189754.50166666668
562,323924.6666666667
563,197730.83333333334
564,304999.2316666667
565,280171.1766666667
566,153852.86166666666
567,245717.50166666668
568,233195.84333333332
569,175321.835
570,110906.16666666667
571,126599.33333333333
572,267243.50833333336
573,101279.16666666667
574,306408.685
575,290399.835
576,135996.0
577,219373.17
578,172221.17166666666
579,112907.83333333333
580,497841.9716666667
581,198630.83333333334
582,169582.16666666666
583,138937.16666666666
584,161247.0
585,260279.00333333333
586,156006.66666666666
587,258199.66666666666
588,88886.33666666667
589,327915.6766666667
590,154563.33333333334
591,208718.66666666666
592,146549.66666666666
593,160448.5
594,114620.5
595,67085.83333333333
596,150902.5
597,329150.675
598,282774.02166666667
599,180328.16666666666
600,75846.16666666667
601,187756.33333333334
602,50402.16166666667
603,276984.16833333333
604,159859.5
605,82121.83333333333
606,499787.665
607,96097.83333333333
608,320754.56833333336
609,153738.50166666668
610,363494.8566666667
611,128935.83333333333
612,152979.33333333334
613,273969.50833333336
614,336410.3483333333
615,438899.84
616,160294.66666666666
617,401811.24166666664
618,156755.335
619,248925.50333333333
620,201348.67166666666
621,121914.33333333333
622,127770.83333333333
623,457841.19
624,175734.0
625,127460.66666666667
626,141326.835
627,156625.83333333334
628,54396.5
629,177061.16833333333
630,193553.675
631,90292.66666666667
632,192604.33666666667
633,169284.33333333334
634,220506.50333333333
635,228267.03333333333
636,62367.166666666664
637,277952.21
638,497768.8016666667
639,128357.0
640,282455.6666666667
641,298647.21
642,161566.66666666666
643,169399.33333333334
644,143538.675
645,169495.5
646,115145.5
647,122761.5
648,230617.16666666666
649,214423.67333333334
650,189134.33333333334
651,125519.33333333333
652,144651.33333333334
653,193632.16666666666
654,148145.5
655,108187.83333333333
656,262016.17333333334
657,139948.33333333334
658,208330.0
659,209694.83333333334
660,186176.5
661,92833.34166666666
662,132770.16666666666
663,172211.83333333334
664,244392.66666666666
665,100557.33333333333
666,213101.345
667,176030.33333333334
668,76955.16666666667
669,256651.16833333333
670,213966.0
671,219224.17333333334
672,142094.5
673,50491.0
674,160990.0
675,143792.83333333334
676,167243.5
677,222265.33666666667
678,76144.66666666667
679,166634.33333333334
680,102939.33333333333
681,271029.1666666667
682,114720.16166666667
683,115527.33333333333
684,433531.2266666667
685,207906.33333333334
686,209989.345
687,210673.34
688,170307.66666666666
689,161986.16666666666
690,180664.33333333334
691,79271.83333333333
692,472555.23833333334
693,339549.3616666667
694,109496.5
695,67199.0
696,174879.16666666666
697,144925.0
698,248162.33833333335
699,179222.66666666666
700,76911.66666666667
701,325041.6766666667
702,125735.33333333333
703,190756.00166666668
704,158020.83333333334
705,275077.335
706,156417.66666666666
707,276140.335
708,219113.66833333333
709,491933.065
710,190587.67333333334
711,339755.19
712,354806.0266666667
713,279478.3383333333
714,251318.17333333334
715,327977.175
716,318536.005
717,191824.0
718,353319.355
719,275943.8433333333
720,311190.865
721,87123.83333333333
722,189238.67
723,171886.5
724,371469.50333333336
725,179182.16666666666
726,193432.66666666666
727,115008.16666666667
728,106482.16666666667
729,257151.02333333335
730,431675.0233333333
731,422705.80666666664
732,148658.66666666666
733,124460.16666666667
734,151912.33333333334
735,167683.0
736,319625.67333333334
737,236297.66833333333
738,128296.0
739,280970.8333333333
740,142094.16666666666
741,327729.36
742,178341.5
743,223048.66666666666
744,165129.0
745,399761.18166666664
746,74275.83333333333
747,87027.66666666667
748,222118.50166666668
749,391406.54
750,134201.16666666666
751,298021.3333333333
752,123625.83333333333
753,113376.83333333333
754,267952.5133333333
755,117475.66666666667
756,451244.74166666664
757,105834.5
758,278967.00833333336
759,226126.84
760,356134.82166666666
761,409974.9533333333
762,78942.83333333333
763,176932.16666666666
764,233351.0
765,86675.665
766,159596.66666666666
767,131471.0
768,259900.66833333333
769,473068.5916666667
770,52765.0
771,185155.83333333334
772,189490.16666666666
773,46842.333333333336
774,405268.695
775,215624.00166666668
776,258276.0
777,170112.0
778,107909.0
779,160364.5
780,275790.0
781,217690.67
782,266251.8333333333
783,180776.33333333334
784,144824.83333333334
785,348450.8416666667
786,496748.11666666664
787,123743.16666666667
788,143839.5
789,264780.675
790,146477.66666666666
791,293454.19166666665
792,165951.5
793,368879.50166666665
794,254457.83333333334
795,96653.5
796,210656.0
797,119655.5
798,213749.5
799,168633.00166666668
800,488324.24333333335
801,258026.68166666667
802,149967.83333333334
803,147787.83333333334
804,113206.66833333333
805,63730.5
806,221456.845
807,321327.73333333334
808,167689.83333333334
809,171649.16666666666
810,483860.13
811,304037.67
812,115079.5
813,209968.33333333334
814,79617.32666666666
815,54436.16333333333
816,107984.165
817,95488.0
818,379338.345
819,90962.5
820,187082.34166666667
821,107206.0
822,178619.83333333334
823,303261.01
824,167036.83333333334
825,243281.67333333334
826,411502.785
827,151419.16666666666
828,117781.0
829,213814.0
830,319650.59
831,234294.83333333334
832,419539.6983333333
833,233441.5
834,79990.66666666667
835,158593.0
836,85142.66666666667
837,141862.66666666666
838,278833.16833333333
839,304893.1716666667
840,239668.17
841,194006.5
842,269541.6666666667
843,215730.335
844,103751.66666666667
845,190366.66666666666
846,66027.50166666666
847,178043.0
848,164590.33333333334
849,99355.83333333333
850,73660.0
851,122169.66666666667
852,161949.83333333334
853,243556.33333333334
854,202612.505
855,282840.18666666665
856,163073.0
857,207094.17
858,146104.66666666666
859,255135.34333333332
860,130256.33333333333
861,190732.66666666666
862,64647.166666666664
863,190433.17166666666
864,172922.835
865,222789.0
866,163508.16666666666
867,175586.16666666666
868,198033.66666666666
869,197758.675
870,228737.66666666666
871,142641.00333333333
872,270135.6983333333
873,57574.0
874,137573.16666666666
875,179694.16666666666
876,183604.16666666666
877,96659.66666666667
878,115003.84
879,409965.68166666664
880,275082.85
881,150814.5
882,226555.34
883,184866.33333333334
884,150019.0
885,71165.33333333333
886,299713.25333333336
887,220677.66666666666
888,256597.00166666668
889,62252.831666666665
890,85407.83333333333
891,154602.33333333334
892,425055.05333333334
893,290444.85333333333
894,177556.5
895,147537.66666666666
896,142136.66666666666
897,98072.0
898,82809.83333333333
899,432032.095
900,232991.535
901,298177.3933333333
902,89026.16666666667
903,149157.66833333333
904,89241.66666666667
905,177198.33333333334
906,120401.66333333333
907,144732.16666666666
908,139588.83333333334
909,208262.16666666666
910,232441.00333333333
911,216804.50166666668
912,205160.33333333334
913,222617.17166666666
914,149769.16666666666
915,188897.0
916,202440.83333333334
917,232264.00166666668
918,257566.50333333333
919,163961.66666666666
920,135783.0
921,89168.0
922,492876.5833333333
923,272142.16833333333
924,117126.33833333333
925,175211.5
926,233686.68166666667
927,109978.33333333333
928,68057.5
929,59927.333333333336
930,219473.51
931,369251.54
932,166645.83333333334
933,419469.575
934,408465.16
935,155536.33333333334
936,135653.5
937,96930.00333333333
938,335640.85
939,274411.01166666666
940,347978.01666666666
941,77755.5
942,466669.045
943,181409.83333333334
944,92881.66666666667
945,499559.49333333335
946,209262.66666666666
947,111762.83333333333
948,338682.66833333333
949,156248.66666666666
950,77693.16666666667
951,113929.16666666667
952,144069.5
953,78250.83333333333
954,102374.0
955,326497.6716666667
956,266702.175
957,187996.835
958,180788.16666666666
959,86255.83333333333
960,81056.83333333333
961,151591.66666666666
962,311978.36
963,79521.33333333333
964,109469.66666666667
965,212237.16666666666
966,67761.16666666667
967,314464.34
968,245385.83333333334
969,220067.66666666666
970,308873.3333333333
971,301670.63166666665
972,135150.0
973,179243.66666666666
974,240414.175
975,372023.69166666665
976,218154.16666666666
977,256337.00666666665
978,311773.7
979,154604.0
980,182263.33333333334
981,305455.35833333334
982,215690.66666666666
983,362630.9816666667
984,110297.83333333333
985,135135.5
986,201599.5
987,155836.0
988,282583.005
989,122198.66666666667
990,202611.17666666667
991,126041.83333333333
992,144823.5
993,157169.0
994,210706.33833333335
995,104712.66833333333
996,171110.66666666666
997,127934.33333333333
998,370525.0933333333
999,109313.66666666667
1000,203577.66666666666
1001,128135.83333333333
1002,114779.66666666667
1003,226074.5
1004,152299.66666666666
1005,369355.87166666664
1006,150406.83333333334
1007,172612.0
1008,210114.84666666668
1009,190906.17333333334
1010,219081.5
1011,384341.60833333334
1012,121659.0
1013,402357.915
1014,135676.83333333334
1015,97935.83333333333
1016,278922.67333333334
1017,108656.33333333333
1018,210144.00166666668
1019,253095.67
1020,124332.83333333333
1021,490495.56833333336
1022,497902.135
1023,312340.335
1024,177064.66666666666
1025,144908.5
1026,157703.17166666666
1027,165707.16666666666
1028,171973.83333333334
1029,78037.0
1030,157665.16666666666
1031,391481.845
1032,89586.33333333333
1033,72050.16666666667
1034,277122.00166666665
1035,47692.833333333336
1036,194919.83333333334
1037,208558.0
1038,412895.38
1039,304505.015
1040,131627.33333333334
1041,179000.66666666666
1042,134731.33333333334
1043,308268.355
1044,136255.16666666666
1045,204092.16666666666
1046,127120.66666666667
1047,101974.66666666667
1048,115404.0
1049,163962.33333333334
1050,141609.0
1051,488071.54333333333
1052,296755.50333333336
1053,254493.85
1054,132696.16666666666
1055,159246.16666666666
1056,297184.17333333334
1057,121975.66666666667
1058,216606.00166666668
1059,86356.66666666667
1060,99678.16666666667
1061,259332.5
1062,112778.5
1063,282290.335
1064,227597.66833333333
1065,72576.83333333333
1066,192762.66833333333
1067,256010.33333333334
1068,88495.0
1069,184036.66666666666
1070,199743.33333333334
1071,120425.16666666667
1072,234405.00166666668
1073,96406.16666666667
1074,303194.19166666665
1075,133894.33833333335
1076,149368.83666666667
1077,153513.5
1078,120857.33333333333
1079,161643.5
1080,468931.79
1081,147227.66666666666
1082,116284.83333333333
1083,297835.2316666667
1084,156587.335
1085,157763.5
1086,187296.335
1087,304235.19666666666
1088,302176.01
1089,366135.7166666667
1090,184895.67
1091,154229.33333333334
1092,189749.33333333334
1093,487429.8933333333
1094,202860.83333333334
1095,339907.53
1096,91023.83333333333
1097,257482.66833333333
1098,353113.105
1099,197594.00666666665
1100,62997.333333333336
1101,248174.00333333333
1102,214530.50333333333
1103,298563.8433333333
1104,204602.83333333334
1105,179037.83333333334
1106,151431.5
1107,322999.1983333333
1108,292688.1766666667
1109,76301.0
1110,273687.19666666666
1111,215543.16666666666
1112,227125.16833333333
1113,201776.83333333334
1114,433651.2233333333
1115,123395.5
1116,126813.33333333333
1117,215148.66833333333
1118,143266.66666666666
1119,219118.50166666668
1120,199319.83333333334
1121,240696.66666666666
1122,119221.0
1123,96597.16666666667
1124,321285.04333333333
1125,94745.33333333333
1126,120334.66666666667
1127,264683.6666666667
1128,250695.02833333332
1129,90667.83333333333
1130,119891.835
1131,449885.89666666667
1132,87462.16666666667
1133,219975.00833333333
1134,346077.18166666664
1135,275412.67
1136,121498.33333333333
1137,216610.83333333334
1138,494710.76
1139,122063.0
1140,176858.00166666668
1141,257048.50166666668
1142,234467.50166666668
1143,136352.83333333334
1144,179499.66666666666
1145,85543.66666666667
1146,206532.83333333334
1147,191128.675
1148,63812.83
1149,75887.66666666667
1150,194467.83333333334
1151,144949.66666666666
1152,88286.83333333333
1153,219891.515
1154,138702.835
1155,476233.48833333334
1156,55431.166666666664
1157,266025.6666666667
1158,217797.34666666668
1159,209442.0
1160,57444.0
1161,139854.5
1162,233232.50166666668
1163,74038.0
1164,227760.16666666666
1165,194452.835
1166,215780.00166666668
1167,201142.00833333333
1168,179369.83333333334
1169,188186.00166666668
1170,221884.67833333334
1171,56116.333333333336
1172,171933.005
1173,243525.34666666668
1174,233557.16666666666
1175,417962.21
1176,93241.66666666667
1177,165955.33333333334
1178,142050.66666666666
1179,295706.68166666664
1180,370055.69
1181,327279.8416666667
1182,97253.16666666667
1183,182156.5
1184,177673.33333333334
1185,210892.83666666667
1186,220315.5
1187,280901.005
1188,113161.16666666667
1189,230299.16833333333
1190,359346.5266666667
1191,218100.5
1192,236327.5
1193,197614.83333333334
1194,59374.0
1195,96224.16666666667
1196,283691.8383333333
1197,174522.83333333334
1198,175421.33333333334
1199,342897.74833333335
1200,134204.33333333334
1201,273942.50666666665
1202,188352.16666666666
1203,310940.17833333334
1204,125532.83333333333
1205,192440.5
1206,225957.67666666667
1207,91892.83166666667
1208,89996.5
1209,91573.33333333333
1210,202840.33333333334
1211,118136.0
1212,487916.55
1213,140995.66666666666
1214,127098.0
1215,448602.5733333333
1216,278251.00333333336
1217,192155.83333333334
1218,259040.835
1219,210571.00833333333
1220,89724.83333333333
1221,309520.6766666667
1222,257119.5
1223,248723.18
1224,174950.17166666666
1225,247362.66833333333
1226,118613.5
1227,105005.83333333333
1228,482645.9816666667
1229,260768.17
1230,165997.33333333334
1231,110063.0
1232,444180.83666666667
1233,157286.5
1234,332386.67
1235,74913.0
1236,104382.0
1237,174821.83333333334
1238,103339.16666666667
1239,276206.6766666667
1240,348639.8433333333
1241,145541.0
1242,177835.83333333334
1243,184619.5
1244,207062.50166666668
1245,105343.16833333333
1246,266016.50333333336
1247,359475.0516666667
1248,164869.66666666666
1249,293490.69
1250,110982.33333333333
1251,353817.80666666664
1252,237376.335
1253,120113.50333333333
1254,98477.83333333333
1255,394276.285
1256,100964.16666666667
1257,109226.16666666667
1258,230957.0
1259,404214.245
1260,167760.16666666666
1261,110542.83333333333
1262,309739.8616666667
1263,231741.66833333333
1264,117121.0
1265,192547.5
1266,263474.025
1267,170618.17666666667
1268,276477.00666666665
1269,327892.52
1270,192625.00833333333
1271,202636.505
1272,108467.16666666667
1273,371895.12333333335
1274,359517.39166666666
1275,383773.61
1276,391144.57166666666
1277,102113.0
1278,271856.335
1279,191812.0
1280,120681.83333333333
1281,89227.5
1282,105078.16666666667
1283,108863.0
1284,94276.83333333333
1285,217303.34
1286,170198.0
1287,149653.0
1288,68396.33333333333
1289,221157.5
1290,98208.0
1291,90088.16666666667
1292,247832.33333333334
1293,155887.66666666666
1294,192576.66666666666
1295,110120.33333333333
1296,222521.16833333333
1297,120135.66666666667
1298,373954.03833333333
1299,134415.66666666666
1300,285264.1716666667
1301,108145.0
1302,185529.66666666666
1303,233998.67166666666
1304,203930.83333333334
1305,486063.2
1306,84427.16666666667
1307,117337.67
1308,220517.0
1309,117553.16666666667
1310,162388.5
1311,447077.14666666667
1312,123233.33333333333
1313,109125.5
1314,202993.16666666666
1315,273899.3383333333
1316,318732.36666666664
1317,168092.83333333334
1318,132193.33333333334
1319,283137.4266666667
1320,499583.495
1321,496128.41833333333
1322,108282.0
1323,240038.83333333334
1324,52746.0
1325,328340.51166666666
1326,270391.1616666667
1327,154865.16666666666
1328,162230.335
1329,68537.0
1330,212609.16666666666
1331,439332.99833333335
1332,353194.68833333335
1333,117739.33333333333
1334,248012.33333333334
1335,50193.333333333336
1336,204395.50666666665
1337,225562.33333333334
1338,105593.83333333333
1339,191643.16833333333
1340,317842.67333333334
1341,135874.0
1342,161913.50333333333
1343,203087.505
1344,104135.83333333333
1345,97961.0
1346,382058.74333333335
1347,303587.0316666667
1348,291442.83666666667
1349,227842.50166666668
1350,482140.9816666667
1351,307242.20166666666
1352,322942.7216666667
1353,145425.66666666666
1354,248188.00166666668
1355,144208.16666666666
1356,127173.0
1357,135898.16666666666
1358,73048.5
1359,255167.525
1360,162085.0
1361,83522.5
1362,108359.0
1363,72988.33333333333
1364,391370.51666666666
1365,114196.17
1366,112153.33333333333
1367,255556.02666666667
1368,214622.00166666668
1369,73547.66666666667
1370,101750.16666666667
1371,55860.166666666664
1372,173966.0
1373,391268.99333333335
1374,334649.855
1375,167543.33333333334
1376,262119.67833333334
1377,172247.16833333333
1378,171193.33333333334
1379,257547.50166666668
1380,421012.74
1381,264324.16833333333
1382,121076.83333333333
1383,200905.83333333334
1384,154705.5
1385,390094.06
1386,94703.66666666667
1387,153900.16666666666
1388,280578.51666666666
1389,165610.5
1390,299068.68833333335
1391,92278.33333333333
1392,141887.66833333333
1393,157571.83333333334
1394,64853.5
1395,195242.16833333333
1396,137794.83333333334
1397,269034.8516666667
1398,313661.3383333333
1399,66583.33333333333
1400,160290.83666666667
1401,449535.37
1402,453215.2316666667
1403,272537.335
1404,61380.666666666664
1405,173136.17166666666
1406,126762.5
1407,83741.0
1408,158790.5
1409,158844.33333333334
1410,297416.3483333333
1411,165807.66666666666
1412,80710.98666666666
1413,246183.00666666665
1414,135471.0
1415,55789.333333333336
1416,96643.0
1417,245688.50833333333
1418,126258.5
1419,119779.5
1420,173386.835
1421,213909.16833333333
1422,154884.33333333334
1423,384541.74
1424,391482.0416666667
1425,139740.83333333334
1426,195523.0
1427,357239.0133333333
1428,206220.01166666666
1429,261918.33333333334
1430,179863.16833333333
1431,130793.5
1432,206557.50166666668
1433,80796.5
1434,294623.00333333336
1435,125697.16666666667
1436,55657.166666666664
1437,472742.2133333333
1438,189120.66666666666
1439,148735.17
1440,111851.66666666667
1441,240214.20833333334
1442,82052.49333333333
1443,230487.83666666667
1444,218162.83833333335
1445,257853.51
1446,188254.0
1447,310240.015
1448,87715.83333333333
1449,116098.66833333333
1450,96413.33333333333
1451,485462.805
1452,320819.6983333333
1453,87437.835
1454,246770.86333333334
1455,227929.335
1456,245225.01
1457,105151.16666666667
1458,194244.50666666665
1459,189760.33333333334
1460,156140.5
1461,284246.50166666665
1462,172196.66666666666
1463,151952.66666666666
1464,150887.66666666666
1465,204278.5
1466,274606.50333333336
1467,134228.33333333334
1468,358500.2366666667
1469,167262.16833333333
1470,227134.18
1471,344532.83666666667
1472,109896.33333333333
1473,156540.16666666666
1474,196202.725
1475,263630.51166666666
1476,213748.66666666666
1477,173895.5
1478,93575.83333333333
1479,116025.66666666667
1480,474007.2866666667
1481,254754.66833333333
1482,203804.33333333334
1483,197342.5
1484,199949.01
1485,312954.01
1486,114882.33333333333
1487,493808.755
1488,297037.02166666667
1489,258838.83666666667
1490,166011.83333333334
1491,149106.0
1492,68940.16666666667
1493,311746.35833333334
1494,108727.0
1495,459284.9033333333
1496,163826.0
1497,401514.19166666665
1498,176787.83333333334
1499,407379.7033333333
1500,133533.66833333333
1501,63871.166666666664
1502,199540.16666666666
1503,242550.835
1504,195973.50333333333
1505,129105.5
1506,110671.0
1507,348409.3466666667
1508,258212.35833333334
1509,123468.33333333333
1510,409710.9816666667
1511,231617.16666666666
1512,120580.83333333333
1513,59751.666666666664
1514,342324.00833333336
1515,155983.0
1516,148023.50166666668
1517,132934.0
1518,58122.333333333336
1519,105783.5
1520,274395.8333333333
1521,265234.175
1522,364590.51
1523,75592.65333333334
1524,153860.66666666666
1525,209938.36
1526,139174.16666666666
1527,386205.935
1528,82785.0
1529,184076.66666666666
1530,60124.333333333336
1531,107018.83333333333
1532,270729.33666666667
1533,376173.2216666667
1534,112490.66666666667
1535,370605.59
1536,69659.5
1537,158893.83333333334
1538,486676.57166666666
1539,221428.33333333334
1540,160203.185
1541,101195.83333333333
1542,82980.0
1543,172616.83333333334
1544,458143.565
1545,75139.5
1546,230148.335
1547,135268.66666666666
1548,218400.67
1549,72205.5
1550,165241.335
1551,499299.155
1552,121925.33333333333
1553,309735.3466666667
1554,101010.83333333333
1555,222029.50166666668
1556,317393.53833333333
1557,270548.215
1558,184920.66666666666
1559,72889.5
1560,60959.49833333334
1561,215776.16666666666
1562,296752.69333333336
1563,172654.5
1564,171735.5
1565,103179.5
1566,288571.0
1567,247412.51
1568,356890.26166666666
1569,254915.00666666665
1570,200311.83333333334
1571,193584.71166666667
1572,186696.0
1573,302554.875
1574,238121.01
1575,106471.0
1576,109966.66666666667
1577,133297.0
1578,94532.66666666667
1579,202927.67333333334
1580,236749.16666666666
1581,193783.17
1582,212838.16666666666
1583,289307.0316666667
1584,210956.67833333334
1585,96213.0
1586,222805.16833333333
1587,302644.19
1588,147410.83333333334
1589,481627.9216666667
1590,355977.19666666666
1591,302251.0133333333
1592,248450.33333333334
1593,128647.5
1594,244988.675
1595,393731.72
1596,407210.6433333333
1597,131489.5
1598,136188.66666666666
1599,125433.16833333333
1600,154029.33333333334
1601,222556.66666666666
1602,126106.66666666667
1603,145378.83333333334
1604,126570.0
1605,241924.66833333333
1606,57532.833333333336
1607,89101.66666666667
1608,84403.83333333333
1609,102109.33333333333
1610,169952.17
1611,245470.51
1612,274290.00333333336
1613,117318.0
1614,377914.19166666665
1615,183289.67333333334
1616,338165.3483333333
1617,78259.83333333333
1618,213378.33333333334
1619,179264.00166666668
1620,174533.16666666666
1621,303229.34
1622,399037.0316666667
1623,92704.66666666667
1624,87167.5
1625,106847.33333333333
1626,489496.7216666667
1627,487557.11666666664
1628,202862.50666666665
1629,78437.0
1630,493300.89666666667
1631,94265.33333333333
1632,337277.1716666667
1633,83230.16666666667
1634,59648.333333333336
1635,262052.83333333334
1636,222994.50166666668
1637,153544.33333333334
1638,82537.16666666667
1639,392959.66
1640,116403.5
1641,60895.0
1642,54666.831666666665
1643,463943.65
1644,221858.70666666667
1645,325612.86333333334
1646,388483.88333333336
1647,481804.2966666667
1648,88181.66666666667
1649,120036.50166666666
1650,394679.00166666665
1651,393873.865
1652,158432.17
1653,318823.68333333335
1654,136285.0
1655,322249.01166666666
1656,153881.00166666668
1657,158917.0
1658,54993.0
1659,153173.83333333334
1660,177952.33333333334
1661,132506.83333333334
1662,224990.17
1663,278067.50333333336
1664,259358.17
1665,168484.33333333334
1666,174164.50666666665
1667,412175.06833333336
1668,136896.51833333334
1669,128117.0
1670,262211.50666666665
1671,109159.00166666666
1672,335165.50666666665
1673,181518.0
1674,123069.16666666667
1675,77042.5
1676,159161.66666666666
1677,173801.16833333333
1678,293558.33666666667
1679,260914.50333333333
1680,102404.66666666667
1681,171524.17166666666
1682,160102.5
1683,257610.84833333333
1684,287810.5333333333
1685,309711.7
1686,90955.5
1687,284401.005
1688,338975.05666666664
1689,185758.33666666667
1690,101860.66666666667
1691,127896.33333333333
1692,270910.835
1693,216570.83333333334
1694,165849.16833333333
1695,232432.5
1696,230439.83333333334
1697,160038.50166666668
1698,91323.0
1699,105485.83333333333
1700,145211.16666666666
1701,129447.5
1702,201399.0
1703,262597.5
1704,114652.5
1705,167900.16666666666
1706,238298.84
1707,109975.83333333333
1708,94282.33333333333
1709,203831.835
1710,171933.83333333334
1711,152541.0
1712,98781.0
1713,193591.0
1714,375690.37333333335
1715,243426.84
1716,178528.83333333334
1717,188635.0
1718,69223.0
1719,258579.16833333333
1720,230910.17333333334
1721,122139.16666666667
1722,304543.66833333333
1723,116259.83333333333
1724,298281.50333333336
1725,261811.00333333333
1726,85276.16666666667
1727,66324.33166666667
1728,126259.0
1729,195920.16666666666
1730,185146.0
1731,181505.83333333334
1732,276650.335
1733,396203.88666666666
1734,158974.00166666668
1735,171551.33333333334
1736,62920.166666666664
1737,139605.66666666666
1738,154629.68333333332
1739,257885.33333333334
1740,203651.66833333333
1741,260544.66833333333
1742,143322.5
1743,229387.0
1744,205011.0
1745,198921.66666666666
1746,128804.33333333333
1747,143288.5
1748,339517.195
1749,248955.69166666668
1750,178429.0
1751,84921.66666666667
1752,425627.24
1753,99157.83333333333
1754,167569.00833333333
1755,269680.67833333334
1756,109764.5
1757,180465.16833333333
1758,165760.16666666666
1759,272392.8433333333
1760,198723.33333333334
1761,242689.735
1762,212046.66666666666
1763,361330.67833333334
1764,226143.5
1765,147811.0
1766,190118.16666666666
1767,71487.16666666667
1768,414157.245
1769,336095.01666666666
1770,123598.16666666667
1771,420667.91333333333
1772,60107.49833333334
1773,243956.005
1774,249044.83333333334
1775,146253.83333333334
1776,130087.16666666667
1777,155624.0
1778,262885.3333333333
1779,230074.83333333334
1780,195287.33333333334
1781,299325.5
1782,187084.66666666666
1783,203532.67666666667
1784,372024.37
1785,78666.83333333333
1786,209099.335
1787,125577.83333333333
1788,117183.5
1789,243296.68833333332
1790,165239.0
1791,129579.16833333333
1792,143977.33333333334
1793,249594.00166666668
1794,44793.668333333335
1795,313716.7366666667
1796,154613.0
1797,194315.18833333332
1798,180759.33333333334
1799,382768.5
1800,438993.42333333334
1801,223656.69666666666
1802,373719.85
1803,305258.8333333333
1804,107457.175
1805,69220.83333333333
1806,197514.835
1807,89538.83333333333
1808,209484.17
1809,159258.0
1810,149652.18166666667
1811,153384.16666666666
1812,166531.33333333334
1813,186639.50666666665
1814,243362.835
1815,156749.0
1816,189869.67
1817,182269.83333333334
1818,110700.66666666667
1819,161436.33333333334
1820,173336.5
1821,226003.835
1822,276322.67
1823,209456.34333333332
1824,146246.83333333334
1825,128061.5
1826,93887.0
1827,147666.0
1828,127433.66666666667
1829,403224.35333333333
1830,106468.33333333333
1831,165498.0
1832,215214.0
1833,151152.5
1834,320388.7
1835,156639.83333333334
1836,178302.0
1837,117573.83333333333
1838,56167.166666666664
1839,95405.33333333333
1840,92136.335
1841,171279.835
1842,217558.00166666668
1843,75707.0
1844,71394.33333333333
1845,164205.16666666666
1846,121466.66666666667
1847,149456.16666666666
1848,79066.16666666667
1849,68881.16666666667
1850,315069.33666666667
1851,171927.0
1852,144050.84
1853,217402.5
1854,253874.0
1855,140822.33333333334
1856,200259.5
1857,94724.16666666667
1858,160523.33333333334
1859,349201.775
1860,186876.335
1861,211312.67
1862,368621.69166666665
1863,377004.83666666667
1864,119994.5
1865,204702.66666666666
1866,131241.66666666666
1867,96134.66666666667
1868,297312.1983333333
1869,314898.6983333333
1870,346565.8566666667
1871,190082.33333333334
1872,90345.165
1873,203409.67
1874,174659.33333333334
1875,110442.5
1876,104867.5
1877,79829.0
1878,135032.5
1879,416778.075
1880,79588.33333333333
1881,48169.333333333336
1882,439096.375
1883,323345.0233333333
1884,96840.0
1885,91400.66666666667
1886,410452.3383333333
1887,113738.66666666667
1888,373038.03
1889,162766.5
1890,325482.47
1891,91375.0
1892,191770.83333333334
1893,420573.61
1894,231007.16666666666
1895,60297.333333333336
1896,247946.535
1897,373635.6766666667
1898,145575.0
1899,164136.16833333333
1900,64678.0
1901,180166.5
1902,256842.18
1903,331469.4066666667
1904,412589.94
1905,78017.16666666667
1906,114169.33333333333
1907,307404.50166666665
1908,91558.66666666667
1909,126235.33333333333
1910,469860.9716666667
1911,222077.5
1912,411291.0233333333
1913,339547.695
1914,439647.04333333333
1915,272120.885
1916,226017.16666666666
1917,271322.3333333333
1918,212879.00166666668
1919,272719.00166666665
1920,394186.53
1921,178082.50166666668
1922,125474.83666666667
1923,498029.13
1924,156341.85666666666
1925,328984.835
1926,261207.66666666666
1927,253109.66833333333
1928,171543.5
1929,181329.50166666668
1930,175169.66666666666
1931,127053.66666666667
1932,197362.66666666666
1933,414109.5933333333
1934,187094.5
1935,362985.59
1936,244121.66833333333
1937,352259.4216666667
1938,117413.16666666667
1939,212774.66666666666
1940,126688.33333333333
1941,50062.0
1942,116124.83333333333
1943,63400.5
1944,99455.66666666667
1945,267888.335
1946,321795.3333333333
1947,384929.0233333333
1948,186192.5
1949,196341.845
1950,293881.335
1951,149979.50333333333
1952,122373.00666666667
1953,353102.285
1954,127311.16666666667
1955,228324.67166666666
1956,125595.16666666667
1957,80437.0
1958,134270.00166666668
1959,239611.33833333335
1960,302631.5266666667
1961,173158.5
1962,163389.66666666666
1963,455284.345
1964,441874.36833333335
1965,208842.0
1966,387703.79833333334
1967,194405.33333333334
1968,196473.345
1969,110752.5
1970,200687.66666666666
1971,273702.675
1972,168038.16666666666
1973,74563.0
1974,136852.66666666666
1975,101662.16666666667
1976,173293.16833333333
1977,367659.00833333336
1978,276415.205
1979,111391.83333333333
1980,110466.83333333333
1981,460991.25166666665
1982,70499.33333333333
1983,242261.00833333333
1984,439915.785
1985,231707.16666666666
1986,124486.33333333333
1987,364585.16833333333
1988,499459.6566666667
1989,232602.005
1990,240108.50166666668
1991,368571.87166666664
1992,95167.16666666667
1993,128360.66666666667
1994,101799.5
1995,194196.51166666666
1996,265241.16833333333
1997,89961.33333333333
1998,277777.0
1999,192271.0
2000,109298.33333333333
2001,267535.50666666665
2002,183914.83333333334
2003,269803.51166666666
2004,266356.1666666667
2005,138932.16666666666
2006,116701.16666666667
2007,180758.50166666668
2008,170777.0
2009,60845.666666666664
2010,127195.33333333333
2011,308482.545
2012,179748.5
2013,248847.34166666667
2014,105858.66666666667
2015,229161.17333333334
2016,496521.625
2017,66753.5
2018,200593.00333333333
2019,349454.0183333333
2020,115802.16666666667
2021,328001.695
2022,290393.845
2023,176823.16666666666
2024,308758.835
2025,236228.68
2026,184658.83333333334
2027,472887.87666666665
2028,197937.5
2029,176870.0
2030,215650.66666666666
2031,120903.34
2032,114077.0
2033,184759.83333333334
2034,158174.83333333334
2035,202421.66666666666
2036,169938.66666666666
2037,441744.81333333335
2038,244031.66666666666
2039,492601.89166666666
2040,498924.8283333333
2041,117407.33333333333
2042,128776.5
2043,79860.0
2044,162546.66666666666
2045,81317.16666666667
2046,165473.5
2047,121807.66666666667
2048,194832.33333333334
2049,167268.33333333334
2050,412638.84
2051,325328.00166666665
2052,280979.00833333336
2053,474635.56666666665
2054,161988.16666666666
2055,96235.50166666666
2056,85844.5
2057,141487.16666666666
2058,57132.655
2059,95769.5
2060,176980.335
2061,108915.16666666667
2062,160451.33333333334
2063,272736.66833333333
2064,226663.00333333333
2065,89866.66666666667
2066,163416.83333333334
2067,196807.83333333334
2068,224300.33333333334
2069,123462.335
2070,291493.1666666667
2071,113634.16666666667
2072,104443.33333333333
2073,247270.50333333333
2074,152228.00166666668
2075,387315.575
2076,306216.87833333336
2077,277081.3333333333
2078,225308.33333333334
2079,187673.86166666666
2080,358769.19
2081,175012.83333333334
2082,201909.83333333334
2083,169997.66666666666
2084,436951.89166666666
2085,180957.66666666666
2086,189871.0
2087,195940.5
2088,158535.5
2089,166432.66666666666
2090,149267.33333333334
2091,115498.5
2092,222681.50166666668
2093,251530.33833333335
2094,161492.5
2095,243597.84
2096,360130.9016666667
2097,66646.33333333333
2098,138218.83333333334
2099,197126.17
2100,420280.515
2101,245268.33666666667
2102,434872.5133333333
2103,162052.50166666668
2104,93658.83333333333
2105,200857.5
2106,138582.00166666668
2107,88748.67166666666
2108,148139.83333333334
2109,202018.83333333334
2110,157450.5
2111,121686.5
2112,189394.5
2113,60344.0
2114,480521.2366666667
2115,99942.0
2116,104651.33166666667
2117,109301.0
2118,87907.66666666667
2119,184727.16833333333
2120,115157.5
2121,441378.8283333333
2122,77276.5
2123,306632.3333333333
2124,58318.833333333336
2125,211356.33833333335
2126,170728.16666666666
2127,212703.33666666667
2128,196682.16666666666
2129,120468.16666666667
2130,160870.5
2131,176808.16666666666
2132,371098.61833333335
2133,254229.855
2134,115718.83333333333
2135,105374.5
2136,191881.5
2137,273577.7366666667
2138,322774.85833333334
2139,331507.7033333333
2140,111891.5
2141,75084.33333333333
2142,410372.7783333333
2143,325081.3333333333
2144,132277.33333333334
2145,139272.5
2146,155480.16666666666
2147,278565.50166666665
2148,132548.16666666666
2149,125005.33333333333
2150,450225.88
2151,259184.01166666666
2152,498763.9766666667
2153,223783.83666666667
2154,163218.50166666668
2155,158745.66666666666
2156,94874.83333333333
2157,316894.5233333333
2158,147664.0
2159,113289.18833333334
2160,59939.5
2161,226019.5
2162,187530.17166666666
2163,232184.5
2164,359824.86666666664
2165,96612.16666666667
2166,119618.83333333333
2167,206591.5
2168,236470.335
2169,85327.66666666667
2170,376429.68833333335
2171,112730.16666666667
2172,137836.0
2173,159461.0
2174,212741.33333333334
2175,239208.0
2176,83030.83333333333
2177,412842.8283333333
2178,194027.16666666666
2179,224401.66666666666
2180,95271.83333333333
2181,107969.5
2182,402026.695
2183,212918.00166666668
2184,305204.85
2185,250100.18
2186,335632.175
2187,87564.66666666667
2188,209331.835
2189,247362.0
2190,136039.0
2191,115955.5
2192,239527.34666666668
2193,261528.515
2194,160148.0
2195,197797.66833333333
2196,191643.83333333334
2197,226847.18
2198,192004.66666666666
2199,264459.67
2200,109661.33333333333
2201,105598.335
2202,305419.5266666667
2203,157310.66666666666
2204,191375.83333333334
2205,176290.0
2206,311517.675
2207,177701.83333333334
2208,241322.835
2209,470536.2033333333
2210,209402.33666666667
2211,305293.04
2212,359308.06333333335
2213,103571.33333333333
2214,145100.33333333334
2215,69821.5
2216,144950.33333333334
2217,454297.11666666664
2218,138269.66666666666
2219,491018.55666666664
2220,133234.5
2221,481969.3516666667
2222,154291.33333333334
2223,231255.16833333333
2224,245285.0
2225,150777.83333333334
2226,194805.16666666666
2227,134321.5
2228,108140.0
2229,217885.16666666666
2230,160852.0
2231,98825.33333333333
2232,60882.333333333336
2233,333972.37
2234,127318.33333333333
2235,313360.355
2236,95141.33333333333
2237,88768.33333333333
2238,221193.835
2239,246842.83333333334
2240,136516.83333333334
2241,351764.205
2242,92011.83333333333
2243,176533.33333333334
2244,223885.16666666666
2245,180243.83333333334
2246,411523.3883333333
2247,332714.21166666667
2248,170028.66666666666
2249,194820.0
2250,227812.50166666668
2251,154251.33333333334
2252,313637.5
2253,181580.0
2254,230769.67833333334
2255,354123.68666666665
2256,260126.16666666666
2257,179924.16666666666
2258,165150.5
2259,442100.4816666667
2260,128846.16666666667
2261,171321.5
2262,391342.74833333335
2263,119674.33333333333
2264,98087.5
2265,101595.5
2266,493501.72833333333
2267,129084.5
2268,69090.16666666667
2269,162394.16666666666
2270,151828.16666666666
2271,165975.5
2272,150320.33333333334
2273,140661.685
2274,110900.5
2275,120696.83333333333
2276,474855.7916666667
2277,140815.5
2278,139917.83333333334
2279,248525.33333333334
2280,142034.5
2281,124550.66666666667
2282,167935.50166666668
2283,204551.33833333335
2284,155143.83333333334
2285,184461.5
2286,233900.16666666666
2287,138052.16666666666
2288,156714.5
2289,171980.83333333334
2290,288629.02166666667
2291,212898.33333333334
2292,72701.33333333333
2293,138582.33333333334
2294,337617.4
2295,241692.16833333333
2296,84251.66666666667
2297,323459.31
2298,327973.00333333336
2299,288957.00333333336
2300,108738.33333333333
2301,153146.83333333334
2302,238596.67
2303,124931.0
2304,159483.0
2305,207012.66666666666
2306,220036.83833333335
2307,132647.335
2308,378828.6716666667
2309,199915.66666666666
2310,247935.01166666666
2311,211360.66666666666
2312,284753.8416666667
2313,221224.66666666666
2314,286221.3333333333
2315,157479.83333333334
2316,402908.6983333333
2317,179924.00333333333
2318,55489.666666666664
2319,126983.66666666667
2320,133150.83666666667
2321,172898.00166666668
2322,475104.63166666665
2323,83134.33333333333
2324,161862.835
2325,321279.17
2326,198035.0
2327,71944.5
2328,305786.1716666667
2329,81764.5
2330,135369.0
2331,345712.86
2332,59415.5
2333,183323.83333333334
2334,145780.005
2335,139669.16833333333
2336,476755.14
2337,206763.00333333333
2338,65010.99833333334
2339,69613.5
2340,256787.335
2341,175353.66666666666
2342,300170.6666666667
2343,285608.43333333335
2344,150095.33333333334
2345,109746.33333333333
2346,358555.23333333334
2347,185948.00333333333
2348,156094.16666666666
2349,102450.52166666667
2350,74825.5
2351,104157.16666666667
2352,130296.16666666667
2353,304228.51
2354,141165.33333333334
2355,224245.33833333335
2356,154625.83333333334
2357,72803.5
2358,161093.66666666666
2359,405710.3333333333
2360,109408.0
2361,92664.16666666667
2362,234151.0
2363,91343.83333333333
2364,188014.835
2365,173933.5
2366,269007.505
2367,476915.39166666666
2368,204294.17
2369,114830.16666666667
2370,249410.00166666668
2371,185339.0
2372,156787.5
2373,157073.33333333334
2374,186219.5
2375,79937.0
2376,252939.5
2377,197790.33333333334
2378,90049.83333333333
2379,499598.65
2380,224563.505
2381,87918.5
2382,112833.66666666667
2383,100003.0
2384,95942.0
2385,145592.5
2386,253632.335
2387,199646.835
2388,145115.0
2389,368034.51666666666
2390,95619.66666666667
2391,95002.16666666667
2392,117231.83333333333
2393,359078.89166666666
2394,218176.83333333334
2395,214198.5
2396,128222.66666666667
2397,221706.0
2398,158595.505
2399,372477.1116666667
2400,319362.835
2401,217183.18833333332
2402,210723.33333333334
2403,310383.0
2404,291161.18666666665
2405,157366.66666666666
2406,134418.16666666666
2407,71282.83333333333
2408,66015.5
2409,179867.17
2410,158947.83333333334
2411,170552.83333333334
2412,103095.66666666667
2413,166238.5
2414,242820.00166666668
2415,235731.50833333333
2416,115410.66666666667
2417,61880.333333333336
2418,125423.66666666667
2419,188133.16666666666
2420,273838.335
2421,344136.7133333333
2422,221435.01166666666
2423,175980.335
2424,310526.7133333333
2425,145768.83333333334
2426,481681.32666666666
2427,278621.52166666667
2428,483545.50333333336
2429,191583.66666666666
2430,191537.5
2431,173363.5
2432,163529.5
2433,77768.16666666667
2434,359323.30333333334
2435,133112.16666666666
2436,72764.83333333333
2437,164814.835
2438,227365.16666666666
2439,349311.3483333333
2440,128691.5
2441,449704.88
2442,244239.50833333333
2443,131490.66666666666
2444,212588.33333333334
2445,296348.1716666667
2446,268430.835
2447,240809.00666666665
2448,47652.333333333336
2449,135144.0
2450,69536.0
2451,136117.66666666666
2452,97011.16666666667
2453,210477.66666666666
2454,122612.66666666667
2455,72280.5
2456,84463.33333333333
2457,206801.0
2458,92644.0
2459,480849.84
2460,143123.0
2461,153265.83333333334
2462,145027.66666666666
2463,239889.0
2464,139312.33333333334
2465,160265.50333333333
2466,212792.33333333334
2467,492926.70666666667
2468,314429.4083333333
2469,180887.16833333333
2470,495353.7816666667
2471,188790.33333333334
2472,118536.5
2473,97976.83333333333
2474,115891.33333333333
2475,90209.0
2476,195972.50166666668
2477,296389.3333333333
2478,455028.42833333334
2479,255620.16833333333
2480,98256.66666666667
2481,139537.66666666666
2482,133114.33333333334
2483,93525.5
2484,130142.16666666667
2485,121692.33333333333
2486,221055.66666666666
2487,102346.16666666667
2488,92968.83333333333
2489,124507.0
2490,121023.0
2491,141207.83333333334
2492,74866.66666666667
2493,241435.51166666666
2494,77420.33333333333
2495,202183.5
2496,375346.7833333333
2497,270628.66833333333
2498,118320.66666666667
2499,146960.50166666668
2500,88544.17166666666
2501,189443.5
2502,251080.175
2503,330418.83666666667
2504,104671.66833333333
2505,431500.23
2506,185530.66666666666
2507,135174.66666666666
2508,489132.9016666667
2509,470649.75666666665
2510,335249.41833333333
2511,287286.675
2512,124062.5
2513,155357.16666666666
2514,136370.16666666666
2515,187962.33333333334
2516,135970.66666666666
2517,189177.5
2518,259401.5
2519,457589.37666666665
2520,189534.235
2521,155727.505
2522,176568.83333333334
2523,359378.50333333336
2524,219517.50166666668
2525,191499.5
2526,465474.71166666667
2527,244602.50166666668
2528,365730.68833333335
2529,279836.175
2530,231518.54
2531,169888.0
2532,170753.33333333334
2533,60371.166666666664
2534,154992.16666666666
2535,274957.35
2536,116455.5
2537,65704.83333333333
2538,63187.166666666664
2539,213644.00166666668
2540,246826.175
2541,132796.0
2542,74400.33333333333
2543,142644.0
2544,142114.00166666668
2545,72802.16666666667
2546,332718.845
2547,311906.69333333336
2548,119045.0
2549,208415.16666666666
2550,66543.5
2551,490212.05833333335
2552,106179.5
2553,83444.16666666667
2554,102789.83333333333
2555,346674.8383333333
2556,181442.33333333334
2557,190565.0
2558,146775.0
2559,167476.16666666666
2560,263471.2
2561,217714.67
2562,104556.66666666667
2563,286284.335
2564,325290.08
2565,487801.46
2566,317365.08666666667
2567,112560.83333333333
2568,211589.17166666666
2569,337308.8416666667
2570,44685.333333333336
2571,173017.0
2572,304045.8333333333
2573,204104.16666666666
2574,472492.145
2575,207956.66666666666
2576,232086.16833333333
2577,250401.835
2578,205130.33666666667
2579,54127.166666666664
2580,88600.0
2581,247268.00166666668
2582,180301.5
2583,499222.9866666667
2584,469250.935
2585,68789.16666666667
2586,78527.16666666667
2587,300711.4166666667
2588,156246.66666666666
2589,169966.5
2590,74124.33333333333
2591,232980.835
2592,210005.66666666666
2593,278514.18166666664
2594,55237.833333333336
2595,459008.89666666667
2596,311161.0333333333
2597,150740.015
2598,74978.83333333333
2599,193937.835
2600,224165.0
2601,132815.33333333334
2602,97075.16666666667
2603,225706.66666666666
2604,223634.16666666666
2605,422352.86333333334
2606,498452.475
2607,225690.67333333334
2608,298700.00833333336
2609,158138.50166666668
2610,178797.5
2611,136508.33333333334
2612,139352.16666666666
2613,83897.83333333333
2614,291104.83666666667
2615,124215.83333333333
2616,110061.83333333333
2617,152459.16666666666
2618,477795.595
2619,86198.66666666667
2620,82598.66666666667
2621,66440.83333333333
2622,202266.83333333334
2623,132629.50166666668
2624,336477.42833333334
2625,128157.33333333333
2626,121245.5
2627,155070.5
2628,171150.5
2629,105114.33333333333
2630,115230.5
2631,118584.5
2632,373626.94333333336
2633,104993.0
2634,308014.88666666666
2635,91944.66666666667
2636,98948.83333333333
2637,322922.7316666667
2638,87023.49833333334
2639,219622.335
2640,373734.11833333335
2641,70840.16666666667
2642,169029.50166666668
2643,99341.83333333333
2644,424300.605
2645,165517.00166666668
2646,95281.33333333333
2647,50895.166666666664
2648,107973.16666666667
2649,338857.00333333336
2650,272907.66833333333
2651,313632.1716666667
2652,86344.0
2653,129368.83333333333
2654,128242.5
2655,56555.5
2656,77245.83333333333
2657,201253.83333333334
2658,165815.0
2659,86177.83333333333
2660,166640.50166666668
2661,105929.83333333333
2662,156130.33333333334
2663,58863.166666666664
2664,168654.16666666666
2665,433268.3416666667
2666,68845.66666666667
2667,268050.3383333333
2668,172133.66833333333
2669,202276.0
2670,138447.5
2671,91620.83333333333
2672,192563.0
2673,394439.93333333335
2674,259466.18666666668
2675,152622.83333333334
2676,166564.83333333334
2677,184190.0
2678,337529.18833333335
2679,340467.18
2680,306065.52
2681,84234.16666666667
2682,252806.50333333333
2683,141840.33166666667
2684,175746.33333333334
2685,356318.0366666667
2686,98904.33666666667
2687,75131.33333333333
2688,173692.5
2689,186334.33333333334
2690,186153.835
2691,241103.66666666666
2692,295600.5
2693,106080.5
2694,159272.0
2695,242203.33333333334
2696,246462.84666666668
2697,225888.34333333332
2698,191617.16666666666
2699,244810.19666666666
2700,329278.745
2701,213003.16666666666
2702,57122.833333333336
2703,146254.83333333334
2704,278368.5
2705,177392.225
2706,260255.33666666667
2707,230819.0
2708,148588.0
2709,72489.0
2710,318362.0183333333
2711,302482.505
2712,178216.83333333334
2713,107650.16666666667
2714,222217.51333333334
2715,190630.66666666666
2716,484613.8516666667
2717,201272.865
2718,493812.915
2719,111702.83333333333
2720,223914.33333333334
2721,171345.33333333334
2722,147291.67166666666
2723,237542.52
2724,418815.6433333333
2725,100250.83333333333
2726,305224.685
2727,155741.83333333334
2728,215261.835
2729,55220.333333333336
2730,479298.84
2731,51098.833333333336
2732,240311.02166666667
2733,140331.33333333334
2734,267213.0
2735,170736.66833333333
2736,127080.0
2737,303718.66833333333
2738,277286.1666666667
2739,162861.17166666666
2740,145926.5
2741,161145.66666666666
2742,83240.5
2743,83087.66666666667
2744,120105.16666666667
2745,188810.5
2746,92744.66666666667
2747,191734.03
2748,121480.0
2749,143187.33833333335
2750,116485.5
2751,456364.0916666667
2752,162764.335
2753,323645.19166666665
2754,154488.16833333333
2755,193637.33333333334
2756,484198.71166666667
2757,57398.5
2758,271326.6666666667
2759,184969.0
2760,243020.66666666666
2761,171200.66666666666
2762,121282.835
2763,443230.895
2764,354322.06
2765,210302.0
2766,263732.17
2767,379732.8416666667
2768,75566.0
2769,141005.5
2770,290777.50166666665
2771,113647.67
2772,121211.33333333333
2773,79448.66666666667
2774,415617.96
2775,246363.84166666667
2776,131791.66666666666
2777,164232.83333333334
2778,169156.5
2779,432034.495
2780,133035.0
2781,117649.16666666667
2782,454288.0783333333
2783,107381.16666666667
2784,274233.505
2785,140979.0
2786,241020.0
2787,202751.83666666667
2788,225721.83333333334
2789,311411.405
2790,380763.895
2791,66963.66666666667
2792,168115.33333333334
2793,97826.33333333333
2794,233266.83333333334
2795,475815.0466666667
2796,276124.505
2797,161616.16666666666
2798,139763.0
2799,95972.83333333333
2800,101241.83333333333
2801,117470.0
2802,79474.33
2803,243128.84
2804,132604.67166666666
2805,209583.83333333334
2806,154187.00166666668
2807,319319.7033333333
2808,484705.7166666667
2809,89913.5
2810,173608.5
2811,187303.0
2812,67926.83333333333
2813,70997.66666666667
2814,176376.16666666666
2815,381039.8933333333
2816,274984.50166666665
2817,133260.66666666666
2818,367040.6983333333
2819,223978.67666666667
2820,242045.67333333334
2821,235644.54333333333
2822,190718.50333333333
2823,102630.83333333333
2824,253986.835
2825,262940.67
2826,317555.35
2827,295823.38333333336
2828,152440.33333333334
2829,207899.0
2830,149639.33333333334
2831,483294.6433333333
2832,189313.5
2833,256997.50333333333
2834,174990.835
2835,240976.67
2836,365338.55666666664
2837,80125.66666666667
2838,451173.78
2839,112726.16666666667
2840,84961.66666666667
2841,111012.515
2842,140400.0
2843,178904.83333333334
2844,89986.66666666667
2845,72391.33333333333
2846,204245.0
2847,173103.66666666666
2848,215164.83333333334
2849,370528.945
2850,238972.66666666666
2851,224983.835
2852,145887.33333333334
2853,221940.0
2854,254920.16666666666
2855,107499.16666666667
2856,76325.5
2857,144497.66666666666
2858,357733.01
2859,58854.166666666664
2860,395319.635
2861,485234.975
2862,211489.33333333334
2863,111016.16666666667
2864,95527.33
2865,438655.715
2866,102427.33333333333
2867,274016.335
2868,105182.0
2869,235321.835
2870,151129.34666666668
2871,303046.50166666665
2872,200685.83333333334
2873,316738.53833333333
2874,223432.005
2875,165576.5
2876,99927.16666666667
2877,80249.0
2878,214639.50333333333
2879,384184.09
2880,417390.425
2881,246053.17
2882,488418.51
2883,254583.00166666668
2884,156658.0
2885,139222.50333333333
2886,246616.16833333333
2887,100023.83333333333
2888,228573.66666666666
2889,244639.51333333334
2890,435761.81333333335
2891,103664.0
2892,163415.16666666666
2893,129473.83333333333
2894,233782.00166666668
2895,204435.17
2896,84714.33333333333
2897,121928.16666666667
2898,291347.5
2899,230770.18333333332
2900,337038.075
2901,391169.805
2902,93259.33333333333
2903,216547.0
2904,174881.5
2905,99691.5
2906,185288.66666666666
2907,178202.16666666666
2908,471606.69166666665
2909,129555.335
2910,245667.50166666668
2911,63310.166666666664
2912,108155.66666666667
2913,292779.19666666666
2914,160861.5
2915,470459.305
2916,136632.66666666666
2917,479584.635
2918,264267.83666666667
2919,120737.02
2920,206874.855
2921,238112.67
2922,253869.00333333333
2923,78041.33333333333
2924,143286.515
2925,340831.8433333333
2926,110393.0
2927,265613.4066666667
2928,252884.00833333333
2929,344556.6666666667
2930,440254.2816666667
2931,261487.17666666667
2932,117288.16666666667
2933,216973.17333333334
2934,146014.5
2935,157685.66666666666
2936,174225.33333333334
2937,44097.5
2938,353252.5183333333
2939,105387.0
2940,130390.33333333333
2941,225128.335
2942,151319.0
2943,184881.16666666666
2944,113626.16666666667
2945,198892.0
2946,253392.33666666667
2947,243361.005
2948,143153.16666666666
2949,498306.815
2950,194731.33333333334
2951,225037.83333333334
2952,234525.38833333334
2953,177165.16666666666
2954,141103.16666666666
2955,131236.5
2956,193687.50333333333
2957,206285.835
2958,93030.66666666667
2959,150285.16666666666
2960,487637.7266666667
2961,224420.83333333334
2962,160224.83333333334
2963,244926.33833333335
2964,224279.5
2965,160616.00166666668
2966,126769.83333333333
2967,204518.33333333334
2968,251046.33666666667
2969,103160.16666666667
2970,178541.345
2971,142194.5
2972,89739.83333333333
2973,154417.66666666666
2974,230466.67833333334
2975,136829.33333333334
2976,88135.33333333333
2977,322389.86
2978,205341.34666666668
2979,232583.16666666666
2980,207984.33333333334
2981,305104.7
2982,175394.835
2983,277430.66833333333
2984,182822.5
2985,110427.66666666667
2986,258306.83333333334
2987,208651.335
2988,271033.005
2989,164538.83333333334
2990,96175.5
2991,136969.83333333334
2992,153952.33333333334
2993,396275.0316666667
2994,132171.83333333334
2995,198098.66666666666
2996,492276.225
2997,242020.17333333334
2998,135067.83333333334
2999,195518.83333333334
3000,165793.83333333334
3001,123414.33333333333
3002,215141.0
3003,158755.16666666666
3004,295046.67
3005,373563.9633333333
3006,316375.1716666667
3007,95424.16666666667
3008,91904.5
3009,275624.02
3010,224697.66833333333
3011,194363.67333333334
3012,424275.395
3013,127549.66666666667
3014,159331.02166666667
3015,59361.666666666664
3016,47535.333333333336
3017,90080.16166666667
3018,91902.835
3019,270003.3416666667
3020,117583.5
3021,219958.16666666666
3022,306907.5
3023,499061.82
3024,122391.0
3025,169436.83333333334
3026,104636.33333333333
3027,375327.38
3028,416437.985
3029,207723.33333333334
3030,131710.83333333334
3031,258346.0
3032,83545.33333333333
3033,202188.02833333332
3034,83747.83333333333
3035,282271.0133333333
3036,150590.33333333334
3037,405218.615
3038,114150.0
3039,100674.33333333333
3040,69718.0
3041,251527.83833333335
3042,133913.16666666666
3043,180096.0
3044,316640.185
3045,494312.425
3046,164844.0
3047,152267.0
3048,497213.44333333336
3049,204429.5
3050,423640.975
3051,225499.335
3052,159161.33333333334
3053,213680.51
3054,396804.585
3055,187866.67
3056,210942.66666666666
3057,83882.16666666667
3058,354487.89666666667
3059,216380.51
3060,498009.975
3061,79262.83333333333
3062,200365.34666666668
3063,188698.5
3064,174431.83333333334
3065,108222.66666666667
3066,215799.5
3067,167314.16666666666
3068,84607.5
3069,149575.83333333334
3070,384767.7633333333
3071,390954.7866666667
3072,155066.66666666666
3073,331963.01166666666
3074,352641.0183333333
3075,226000.00166666668
3076,144716.34166666667
3077,137891.33333333334
3078,149015.33333333334
3079,90604.16666666667
3080,89317.33333333333
3081,198011.335
3082,308850.50166666665
3083,277662.07666666666
3084,232228.025
3085,191094.66666666666
3086,337068.845
3087,182791.335
3088,226313.67
3089,213799.16666666666
3090,60407.166666666664
3091,139331.83333333334
3092,165966.0
3093,177274.66666666666
3094,169658.33333333334
3095,250053.0
3096,161259.83333333334
3097,386572.05
3098,224535.0
3099,296691.015
3100,139403.33333333334
3101,166025.66666666666
3102,315424.17
3103,221064.16833333333
3104,331799.0133333333
3105,128598.16666666667
3106,123841.16666666667
3107,102082.00166666666
3108,258197.00333333333
3109,163917.33333333334
3110,96921.33333333333
3111,294063.00833333336
3112,177949.66666666666
3113,104289.66666666667
3114,281022.3616666667
3115,488587.11333333334
3116,250375.34
3117,95449.66666666667
3118,198083.0
3119,277781.3466666667
3120,407989.3283333333
3121,82127.33333333333
3122,328188.8383333333
3123,120367.345
3124,220028.66666666666
3125,209293.66666666666
3126,72101.33333333333
3127,159053.83333333334
3128,177053.83333333334
3129,80210.835
3130,82932.16666666667
3131,251025.86166666666
3132,210295.50166666668
3133,156298.0
3134,256451.50166666668
3135,287086.835
3136,206902.36333333334
3137,121428.16666666667
3138,184495.66666666666
3139,98532.33333333333
3140,66389.5
3141,72052.0
3142,179964.83333333334
3143,357266.055
3144,114381.66666666667
3145,465471.7966666667
3146,152765.83333333334
3147,98796.33333333333
3148,180253.355
3149,172613.16666666666
3150,117271.0
3151,119987.00166666666
3152,91657.16666666667
3153,187562.33333333334
3154,101187.66666666667
3155,62042.0
3156,329851.01666666666
3157,460937.03
3158,119783.66666666667
3159,212459.16833333333
3160,194476.00333333333
3161,252955.03333333333
3162,178745.50333333333
3163,157244.66666666666
3164,119012.0
3165,121945.83333333333
3166,98861.5
3167,146488.0
3168,192982.16666666666
3169,98770.16666666667
3170,316799.00166666665
3171,213086.5
3172,182680.16666666666
3173,259284.66666666666
3174,203701.0
3175,280961.065
3176,112904.33333333333
3177,275566.3383333333
3178,384553.8516666667
3179,227065.33333333334
3180,105875.0
3181,225718.83333333334
3182,124948.67
3183,305752.0516666667
3184,66171.5
3185,64749.495
3186,243176.17666666667
3187,157886.17166666666
3188,157794.66666666666
3189,374465.4016666667
3190,151490.83333333334
3191,113544.33333333333
3192,173646.83333333334
3193,277454.6766666667
3194,105126.5
3195,128025.0
3196,277820.175
3197,98871.16666666667
3198,134497.0
3199,277679.00833333336
3200,231634.675
3201,73451.83333333333
3202,446084.73833333334
3203,207579.33333333334
3204,183915.0
3205,298318.50666666665
3206,156168.66666666666
3207,189276.33333333334
3208,131531.83333333334
3209,201399.5
3210,81921.66666666667
3211,179177.33333333334
3212,253832.39333333334
3213,233590.51666666666
3214,119611.33333333333
3215,110291.66666666667
3216,441440.3233333333
3217,340242.235
3218,135336.83333333334
3219,105059.16666666667
3220,309090.7366666667
3221,349498.67833333334
3222,401674.45666666667
3223,195203.16666666666
3224,438686.035
3225,71782.16666666667
3226,190972.16666666666
3227,201520.0
3228,310945.4666666667
3229,237917.03333333333
3230,129426.66666666667
3231,204950.66833333333
3232,231991.00166666668
3233,157547.66666666666
3234,177230.83333333334
3235,215454.16833333333
3236,181243.0
3237,144809.0
3238,229884.33333333334
3239,104851.50333333333
3240,308231.51666666666
3241,282567.19333333336
3242,66457.33333333333
3243,319614.005
3244,324777.9016666667
3245,240812.16833333333
3246,156723.0
3247,99397.83333333333
3248,100319.66666666667
3249,494721.5833333333
3250,252308.01166666666
3251,174550.16833333333
3252,121285.5
3253,156199.5
3254,109238.16666666667
3255,192578.83666666667
3256,423324.7183333333
3257,107326.16666666667
3258,318926.8333333333
3259,174031.83333333334
3260,403219.68833333335
3261,460680.23333333334
3262,69267.33333333333
3263,206668.67
3264,107537.5
3265,117476.0
3266,469665.08166666667
3267,205162.50666666665
3268,198157.16833333333
3269,105926.83333333333
3270,122701.0
3271,186818.33333333334
3272,106417.85
3273,119938.33333333333
3274,162881.66666666666
3275,110925.16666666667
3276,355272.7233333333
3277,76721.66666666667
3278,164290.83333333334
3279,244961.50333333333
3280,244994.16833333333
3281,193817.67
3282,70253.66666666667
3283,193172.00166666668
3284,152685.33333333334
3285,148681.33333333334
3286,308600.50333333336
3287,105102.83333333333
3288,425566.30333333334
3289,176515.16666666666
3290,91819.66666666667
3291,172240.66666666666
3292,241790.66833333333
3293,191828.5
3294,177645.33333333334
3295,74208.83333333333
3296,121806.50166666666
3297,223471.5
3298,284849.6666666667
3299,251643.33333333334
3300,208114.67166666666
3301,177237.33333333334
3302,213901.83333333334
3303,121690.33333333333
3304,364161.3383333333
3305,125447.5
3306,134265.385
3307,94766.83333333333
3308,55082.49833333334
3309,174260.33333333334
3310,338231.185
3311,137535.83333333334
3312,191859.0
3313,215391.83333333334
3314,72758.0
3315,123260.83333333333
3316,185198.67166666666
3317,262258.8333333333
3318,73924.33333333333
3319,273596.355
3320,202738.5
3321,260398.66666666666
3322,84476.0
3323,183622.0
3324,215037.34166666667
3325,118004.16666666667
3326,82714.33333333333
3327,49989.0
3328,296686.51
3329,161489.835
3330,142114.66666666666
3331,157352.16666666666
3332,265558.6666666667
3333,217530.5
3334,175013.0
3335,170028.83333333334
3336,63635.166666666664
3337,98330.33333333333
3338,47935.166666666664
3339,378656.36666666664
3340,366216.795
3341,149746.33333333334
3342,140996.5
3343,426757.29333333333
3344,100033.0
3345,77687.66666666667
3346,109971.5
3347,207385.0
3348,143031.66666666666
3349,485353.015
3350,189421.5
3351,356651.56833333336
3352,191371.16666666666
3353,112094.835
3354,465216.34
3355,284166.84
3356,351867.70666666667
3357,254071.5
3358,56935.0
3359,114176.5
3360,118471.5
3361,158544.5
3362,416611.2683333333
3363,207610.00166666668
3364,314629.8333333333
3365,113813.16666666667
3366,203404.335
3367,256691.33666666667
3368,83965.33333333333
3369,292542.87833333336
3370,170598.5
3371,148068.16833333333
3372,158005.83333333334
3373,233460.67
3374,225925.005
3375,242435.5
3376,106244.16666666667
3377,142886.33333333334
3378,152071.66666666666
3379,140147.0
3380,229973.87166666667
3381,48693.166666666664
3382,148790.0
3383,315670.1716666667
3384,180748.83333333334
3385,220252.66666666666
3386,335091.5233333333
3387,385191.00333333336
3388,239400.02
3389,231715.335
3390,159380.33333333334
3391,184186.33833333335
3392,115167.66666666667
3393,217008.83833333335
3394,181639.16666666666
3395,309515.835
3396,148313.17
3397,154232.5
3398,203475.66833333333
3399,194073.33666666667
3400,192184.835
3401,238337.83333333334
3402,123181.0
3403,65590.83333333333
3404,191789.83833333335
3405,188627.88666666666
3406,217546.51166666666
3407,362105.905
3408,87346.16666666667
3409,237053.0
3410,136723.33333333334
3411,203565.66666666666
3412,189138.5
3413,100081.0
3414,127767.66666666667
3415,317395.39166666666
3416,266137.335
3417,100282.83333333333
3418,149808.16666666666
3419,330028.6666666667
3420,53282.0
3421,207422.16666666666
3422,63778.666666666664
3423,61959.833333333336
3424,208842.83333333334
3425,163040.16666666666
3426,209435.16666666666
3427,317487.86666666664
3428,313989.0283333333
3429,221288.83333333334
3430,173522.16666666666
3431,388518.36
3432,498781.6516666667
3433,291206.6666666667
3434,491770.385
3435,95184.16666666667
3436,169509.0
3437,214154.67
3438,105381.00166666666
3439,67481.16666666667
3440,133897.835
3441,282677.535
3442,104013.83333333333
3443,309053.0266666667
3444,229618.66833333333
3445,264930.5
3446,149452.66666666666
3447,181684.66666666666
3448,498750.6583333333
3449,400842.785
3450,140363.16666666666
3451,354653.19333333336
3452,116069.16666666667
3453,194849.66666666666
3454,197615.5
3455,485429.81666666665
3456,147891.66666666666
3457,95495.33333333333
3458,110695.66666666667
3459,295659.01666666666
3460,93726.0
3461,65399.0
3462,252488.83333333334
3463,181706.83333333334
3464,418436.68666666665
3465,124617.16666666667
3466,241059.83833333335
3467,93748.83333333333
3468,255265.50166666668
3469,137435.0
3470,121128.66666666667
3471,70427.5
3472,208792.0
3473,213317.66666666666
3474,253838.67
3475,478001.2183333333
3476,179903.83333333334
3477,246120.17166666666
3478,314726.04333333333
3479,122809.0
3480,154632.66666666666
3481,171180.83333333334
3482,92324.83333333333
3483,402450.16333333333
3484,117665.0
3485,143007.5
3486,69675.66666666667
3487,167145.5
3488,110906.16666666667
3489,191385.50166666668
3490,477366.3016666667
3491,260555.16833333333
3492,309448.50166666665
3493,230191.335
3494,173065.83333333334
3495,160084.835
3496,66062.16666666667
3497,156463.5
3498,136900.5
3499,104793.33333333333
3500,305070.8433333333
3501,182763.16666666666
3502,234376.0
3503,153267.0
3504,139785.66833333333
3505,54426.0
3506,103947.67
3507,87044.175
3508,65790.5
3509,213116.34666666668
3510,152697.16666666666
3511,99536.835
3512,325051.68166666664
3513,159093.66666666666
3514,366090.9633333333
3515,114747.83333333333
3516,135196.16833333333
3517,130274.83333333333
3518,94717.5
3519,152437.0
3520,297259.50833333336
3521,169964.005
3522,383294.92
3523,167867.5
3524,183836.5
3525,197279.835
3526,343482.71166666667
3527,169813.66666666666
3528,172657.5
3529,94427.66666666667
3530,110259.0
3531,129662.16666666667
3532,488756.54
3533,154031.5
3534,112730.16666666667
3535,137817.5
3536,198231.16666666666
3537,160304.33333333334
3538,257343.66833333333
3539,241682.85333333333
3540,273921.16833333333
3541,163704.66666666666
3542,99677.0
3543,379210.06666666665
3544,109664.33333333333
3545,379447.69166666665
3546,211016.67
3547,128019.83333333333
3548,323719.00166666665
3549,117316.84
3550,230188.835
3551,312109.51666666666
3552,137622.5
3553,137002.16666666666
3554,96414.33333333333
3555,188931.17333333334
3556,66285.10166666667
3557,129499.66666666667
3558,66561.83333333333
3559,251392.34166666667
3560,488809.1766666667
3561,218148.84
3562,463845.37833333336
3563,350780.73333333334
3564,351509.60333333333
3565,438201.7
3566,127997.16666666667
3567,244042.185
3568,141210.5
3569,253762.00333333333
3570,185945.335
3571,477775.60833333334
3572,334137.38166666665
3573,348365.7233333333
3574,260289.17666666667
3575,82063.33333333333
3576,296725.16833333333
3577,165442.16833333333
3578,159975.51666666666
3579,139663.83333333334
3580,218788.66833333333
3581,150910.0
3582,258291.67166666666
3583,493556.59
3584,123652.66833333333
3585,120666.83333333333
3586,274389.1766666667
3587,146573.66666666666
3588,152447.5
3589,174120.66666666666
3590,122529.83333333333
3591,125290.83333333333
3592,237566.66666666666
3593,123724.33333333333
3594,345682.23833333334
3595,150266.66666666666
3596,94435.5
3597,188697.66666666666
3598,188604.33333333334
3599,125188.16666666667
3600,267623.50666666665
3601,181843.66666666666
3602,424419.37166666664
3603,109600.0
3604,240483.51666666666
3605,117675.66666666667
3606,114817.83666666667
3607,209753.66666666666
3608,262189.17333333334
3609,73892.66666666667
3610,235415.33333333334
3611,202416.46666666667
3612,228706.85166666665
3613,447828.745
3614,210982.505
3615,173246.33333333334
3616,312718.1983333333
3617,320564.69
3618,257083.33333333334
3619,128915.33333333333
3620,239337.02333333335
3621,199819.83333333334
3622,198152.17333333334
3623,275619.84
3624,375408.54
3625,444456.165
3626,190670.5
3627,78364.66666666667
3628,278816.835
3629,77869.0
3630,214471.5
3631,138378.16833333333
3632,84172.5
3633,156887.66666666666
3634,159280.33333333334
3635,273395.17333333334
3636,89764.16666666667
3637,132321.5
3638,115756.83333333333
3639,499745.83
3640,101933.0
3641,174961.66833333333
3642,193402.16666666666
3643,284412.3483333333
3644,152513.0
3645,315056.18833333335
3646,268553.68666666665
3647,166851.0
3648,229103.0
3649,241164.83833333335
3650,388835.8983333333
3651,118994.33333333333
3652,319040.055
3653,171400.5
3654,78200.33333333333
3655,245515.17
3656,253821.33333333334
3657,307404.85833333334
3658,339661.875
3659,213532.355
3660,164905.5
3661,116510.845
3662,148507.5
3663,435501.2
3664,488438.22
3665,181809.18166666667
3666,249947.83333333334
3667,171038.16666666666
3668,69263.83333333333
3669,73614.335
3670,177915.66666666666
3671,446809.34
3672,181846.83333333334
3673,236746.17
3674,279920.18
3675,155288.66666666666
3676,135190.16666666666
3677,166635.83333333334
3678,262079.33833333335
3679,180387.83333333334
3680,140360.33333333334
3681,173259.16666666666
3682,63061.833333333336
3683,214872.50333333333
3684,45440.5
3685,97734.5
3686,200218.17
3687,81277.5
3688,189085.33333333334
3689,125390.835
3690,218674.67
3691,206162.66833333333
3692,371621.4016666667
3693,203307.835
3694,92796.33333333333
3695,479804.99666666664
3696,118081.66666666667
3697,152786.0
3698,61743.0
3699,148657.00166666668
3700,327350.52
3701,254953.0
3702,217703.67833333334
3703,90305.0
3704,233299.66666666666
3705,203061.66666666666
3706,228985.66666666666
3707,91242.5
3708,166027.5
3709,97689.835
3710,222250.0
3711,238464.865
3712,220464.00166666668
3713,167932.16666666666
3714,366196.7133333333
3715,256181.505
3716,99768.5
3717,195862.00166666668
3718,84328.16666666667
3719,174188.33333333334
3720,265825.68333333335
3721,297947.5
3722,156883.0
3723,51556.833333333336
3724,69653.66666666667
3725,119450.33333333333
3726,88771.33333333333
3727,200237.50166666668
3728,62514.166666666664
3729,344944.205
3730,404864.6116666667
3731,84986.995
3732,492950.5933333333
3733,366603.675
3734,143050.66666666666
3735,245715.50333333333
3736,202459.66666666666
3737,138831.0
3738,253350.0
3739,150694.005
3740,224106.67
3741,115076.16666666667
3742,310288.91333333333
3743,157429.16666666666
3744,240616.67166666666
3745,210160.83333333334
3746,149619.66666666666
3747,243660.835
3748,105484.0
3749,149919.5
3750,225796.5
3751,80067.16666666667
3752,325212.85
3753,86327.33333333333
3754,137768.66666666666
3755,92553.83333333333
3756,207736.33333333334
3757,167053.83333333334
3758,377723.43166666664
3759,200240.50333333333
3760,142024.705
3761,211167.5
3762,211481.16666666666
3763,324432.51
3764,460524.575
3765,245865.33666666667
3766,241244.51
3767,96404.0
3768,76501.5
3769,182617.00166666668
3770,59181.833333333336
3771,126942.0
3772,345858.73833333334
3773,182049.335
3774,187350.0
3775,338177.52166666667
3776,136360.505
3777,59435.833333333336
3778,201410.5
3779,456762.8566666667
3780,138992.0
3781,207655.33333333334
3782,208960.66666666666
3783,366326.86333333334
3784,114203.33333333333
3785,179781.83333333334
3786,103539.66666666667
3787,179528.5
3788,476713.2266666667
3789,54117.666666666664
3790,137929.0
3791,343141.86333333334
3792,152675.835
3793,87582.16666666667
3794,463590.785
3795,221680.33333333334
3796,238639.50166666668
3797,192488.50333333333
3798,248698.68
3799,112242.835
3800,240713.84333333332
3801,221387.16666666666
3802,222826.33333333334
3803,236687.5
3804,206197.00166666668
3805,122213.5
3806,116893.16666666667
3807,138496.0
3808,99787.33333333333
3809,161869.5
3810,211673.0
3811,317754.5183333333
3812,409704.12
3813,183600.0
3814,347078.6666666667
3815,78687.66666666667
3816,163257.66666666666
3817,86025.0
3818,139059.01166666666
3819,166505.33333333334
3820,374357.7366666667
3821,132554.50166666668
3822,159773.66666666666
3823,261462.01833333334
3824,163918.16666666666
3825,91360.0
3826,190793.35333333333
3827,163003.5
3828,261627.33666666667
3829,319673.70166666666
3830,76730.33333333333
3831,238510.33666666667
3832,378507.56666666665
3833,107526.16666666667
3834,471052.095
3835,115888.51
3836,83406.5
3837,212628.24833333332
3838,133504.16666666666
3839,61542.333333333336
3840,356371.18333333335
3841,373069.00333333336
3842,223005.33333333334
3843,108009.83333333333
3844,60409.666666666664
3845,71796.16666666667
3846,167176.675
3847,116719.66666666667
3848,108663.33333333333
3849,209166.5
3850,179099.83333333334
3851,105685.0
3852,177269.0
3853,83371.66666666667
3854,82593.33333333333
3855,162267.83333333334
3856,283527.1716666667
3857,339422.4
3858,214646.33833333335
3859,301549.01166666666
3860,395572.5133333333
3861,321662.02166666667
3862,344624.0333333333
3863,86391.0
3864,130287.5
3865,308929.36833333335
3866,223142.83333333334
3867,130317.16666666667
3868,127109.16666666667
3869,180688.66666666666
3870,130302.5
3871,283123.67
3872,388418.88166666665
3873,133627.33333333334
3874,57869.0
3875,278029.00333333336
3876,208835.66666666666
3877,141572.83333333334
3878,228222.005
3879,90317.5
3880,132328.5
3881,208057.0
3882,79308.16666666667
3883,134532.16666666666
3884,211238.33333333334
3885,206226.33666666667
3886,50155.0
3887,88905.0
3888,158656.66666666666
3889,252440.50666666665
3890,194744.5
3891,131345.33333333334
3892,143786.33333333334
3893,164936.16666666666
3894,92932.33333333333
3895,121913.16666666667
3896,137038.33333333334
3897,192800.16666666666
3898,215937.84166666667
3899,57621.333333333336
3900,340487.4066666667
3901,40821.833333333336
3902,410834.0366666667
3903,300426.51
3904,353970.03833333333
3905,340340.1983333333
3906,98542.16666666667
3907,109732.835
3908,119213.5
3909,380877.535
3910,312456.19166666665
3911,492792.64666666667
3912,168097.00166666668
3913,63923.166666666664
3914,173837.33333333334
3915,296937.3333333333
3916,112902.16666666667
3917,251301.84333333332
3918,181951.33333333334
3919,100997.835
3920,281588.00833333336
3921,300277.0416666667
3922,185462.83333333334
3923,447207.02166666667
3924,313705.8383333333
3925,156520.66666666666
3926,275279.685
3927,245245.34
3928,175024.83333333334
3929,217406.335
3930,329500.8566666667
3931,247748.83833333335
3932,82625.33333333333
3933,425711.79333333333
3934,340445.67333333334
3935,131128.5
3936,403426.53833333333
3937,184568.335
3938,150595.16666666666
3939,162814.19166666668
3940,155435.0
3941,230645.335
3942,178553.66666666666
3943,300598.835
3944,211112.335
3945,105272.16666666667
3946,97070.0
3947,358093.8516666667
3948,87624.83333333333
3949,175633.33333333334
3950,148516.33666666667
3951,102755.33333333333
3952,307387.8466666667
3953,77851.16666666667
3954,144831.835
3955,180790.00333333333
3956,154250.83333333334
3957,98317.66666666667
3958,205590.16833333333
3959,246288.51166666666
3960,341960.5133333333
3961,342415.335
3962,358821.17833333334
3963,190178.33333333334
3964,194121.17
3965,152258.69
3966,109985.83333333333
3967,86702.5
3968,138062.66666666666
3969,149156.16833333333
3970,173617.16666666666
3971,74928.83333333333
3972,200756.335
3973,186983.66666666666
3974,182485.0
3975,231209.33333333334
3976,106317.66666666667
3977,229310.335
3978,217909.5
3979,68664.66666666667
3980,497200.4733333333
3981,90345.66666666667
3982,415359.87
3983,208733.66833333333
3984,73012.16666666667
3985,226553.015
3986,63426.5
3987,366577.705
3988,228076.83333333334
3989,270073.8333333333
3990,177898.68
3991,227984.83333333334
3992,255574.5
3993,103614.335
3994,220802.66666666666
3995,212711.5
3996,208033.16666666666
3997,57751.0
3998,178614.16666666666
3999,117476.0
4000,200790.01666666666
4001,76574.83333333333
4002,247066.00333333333
4003,87774.16333333333
4004,242039.335
4005,273441.66833333333
4006,476407.725
4007,177288.33333333334
4008,495247.5966666667
4009,228520.33666666667
4010,205498.67
4011,148892.66666666666
4012,296810.3516666667
4013,187533.16833333333
4014,112056.50166666666
4015,295931.8333333333
4016,316391.86333333334
4017,218020.33333333334
4018,256242.5
4019,58995.0
4020,83537.16666666667
4021,214726.16666666666
4022,147393.16666666666
4023,417294.8983333333
4024,263434.6666666667
4025,105668.5
4026,232612.66833333333
4027,208944.00166666668
4028,241734.83333333334
4029,240057.5
4030,178158.17166666666
4031,237112.00333333333
4032,133669.66666666666
4033,99024.5
4034,333110.9733333333
4035,295834.18333333335
4036,98798.16666666667
4037,193095.5
4038,69461.0
4039,375501.555
4040,65303.333333333336
4041,294526.34
4042,287916.83666666667
4043,148463.0
4044,113443.015
4045,392357.7266666667
4046,306169.0
4047,78463.33333333333
4048,498990.31833333336
4049,145076.66833333333
4050,173084.50833333333
4051,162131.0
4052,132801.83333333334
4053,423758.71
4054,463433.0466666667
4055,192388.83333333334
4056,170672.505
4057,341713.51666666666
4058,110564.33333333333
4059,488946.2216666667
4060,182182.01833333334
4061,198234.835
4062,298400.3333333333
4063,83657.66666666667
4064,308824.19666666666
4065,78662.5
4066,310510.67833333334
4067,111114.33333333333
4068,136356.67166666666
4069,171668.0
4070,158658.50333333333
4071,204609.33333333334
4072,226018.83333333334
4073,207989.33333333334
4074,493846.76166666666
4075,335409.505
4076,208370.50666666665
4077,496475.95166666666
4078,179170.335
4079,147471.00166666668
4080,345658.5233333333
4081,457549.87166666664
4082,145730.0
4083,243070.83333333334
4084,153999.5
4085,240605.66833333333
4086,129310.33333333333
4087,149207.83333333334
4088,498726.48
4089,127973.5
4090,83332.83166666667
4091,376017.1666666667
4092,200558.83333333334
4093,133918.83333333334
4094,68585.16666666667
4095,130208.50166666666
4096,112546.67
4097,220949.23333333334
4098,138313.66666666666
4099,392844.535
4100,214750.335
4101,445444.545
4102,219578.66666666666
4103,98550.33333333333
4104,488319.84
4105,358225.4716666667
4106,188264.33333333334
4107,62612.5
4108,84508.33333333333
4109,146487.0
4110,218276.16666666666
4111,425290.9016666667
4112,401839.6383333333
4113,142658.67333333334
4114,101091.0
4115,194709.51333333334
4116,93204.66666666667
4117,178623.16666666666
4118,76129.33333333333
4119,227801.66666666666
4120,265233.67
4121,311197.8566666667
4122,59852.333333333336
4123,150683.0
4124,483370.06833333336
4125,105258.33333333333
4126,343167.205
4127,157657.0
